Names,IDS_perfils
edersen_,1
maguimdocorre,2
086_nicollyxz,3
andre_st_ofc,4
086_francisco_dg,5
pvd_ronylson_,6
bolado_15_mtz,7
andresousa5869,8
meno_abencoado_3,9
jonathangabriel0709,10
nando.066,11
jailton1073,12
ramon_2558,13
lorim_244,14
sdx_vaino33,15
juan_car666,16
jaylison_almeida,17
henrique__do_grau_____,18
e_a_tropa40,19
rp._.4040,20
dudu.086_,21
rzynn46,22
mariana_tm400,23
agita_40,24
abravanel086,25
gde_the_745,26
avitoriaa_00,27
dudaard,28
novinn_dlst_7,29
allexandre.3246,30
juliakvp,31
_demenorzinn_46,32
jovem_sevenn,33
thereggae40,34
magao40_nzr,35
bagdar_547,36
henrique_boladaooo,37
cruel40_,38
b40_city,39
phzzin02,40
ag_da_zsd,41
4lisson_pvd04,42
theregaee40,43
__maguimzn4,44
marcello_vn,45
felipe_086x,46
laecpt,47
086_vitoriaxz,48
__wellyngton__jr,49
menor_dlst_1533,50
roger___silva04,51
menozim_04,52
terrodaznzszl40,53
agitah__1533,54
agitah_.40,55
_bonde_dos_40__,56
dmnr.bufad04,57
tinker_bell_.01,58
vullgo_magnataa,59
_santin_da_stm,60
_maguinho_157,61
bufadotd4ofc,62
pedro_ofc_24444,63
pbd_04,64
reggae__40,65
agitah_b400,66
menor_nrz04,67
dmenorr_cds.04,68
agita.b40,69
rdzinho_900,70
agita_40.timon,71
os_capetab40sb,72
vullgo_dracula_b40,73
silva_dk40,74
matador_do15,75
pvd_bugg,76
_menor_s04,77
dugrauu_felipe,78
_.7.5.1_,79
newreggaefunk,80
mayrlaaa.00,81
jualia_01,82
muniz4.__,83
dayane_dk,84
_santin_40ðŸ‘†,85
railsson_7,86
_raymundozl,87
dencruzpi35,88
de___meno_,89
hsloisx._wsx,90
pretin_04,91
mato_pcc_otimo,92
r4venna4_,93
batistinha_jr,94
igor,95
henrique_dg086,96
edvan.152,97
ghzinrlk._,98
falado_passa_mal,99
dmenorrðŸ‘»ðŸ”›,100
kellyson086,101
vitor_s1lva44,102
reggae__     40mosego777,103
wcarvalho_04,104
vulgo_anjiin_do15,105
eu_mascote_zn,106
thurzin.dlst,107
yanlevy15,108
lucaz.86,109
chapeu_de_palha_244,110
pvd_zinho17,111
__annyy.03,112
R7_Mee_nor_33,113
enzo.silva86,114
desconhecido_smp_3,115
davidmoura700,116
danillo8622,117
do_grÃ¤Ã¼_244ðŸ¤‘,118
rayka_.loranny,119
____pedrohenrique,120
rykelmy_maciel_06,121
daianne_pvd_086,122
victor_freitas086,123
bergzin__,124
xcarllos__,125
familia_dos.40,126
menorzinho_40_244,127
duda_santtx,128
anynnhasouza04,129
rainara.mikelly17,130
kayl4ny4,131
eoneguinvidalk01,132
menorsx40,133
ah_gataaah,134
llorim_40,135
_kaiolima17,136
pitbull_lee_01,137
lucasxt.com086dd,138
maguinataxx04,139
katielsonmarlleyzs,140
jpzinn_xtrem0,141
allanjose______,142
__santos04__,143
leticiaaxs.__,144
_jmadison07,145
priv.santos04_,146
_vinicius_dichava_466,147
pedro_fx7,148
_ttalyson04,149
ofc_fontenele086,150
marryleide70,151
menor_chato_11,152
braz_rlk_,153
suyellen_123,154
dztvd00fl,155
sagaz9yz,156
numero_zero4,157
cacheadaa_gleycii._.04,158
bibiiyk,159
lczinxs.lx,160
_mv.soares,161
adan_.46,162
fabielson_086,163
086_wes1ley,164
_jullynha04,165
imperio_dos_40,166
_luan._22,167
dixx_100jeitoo,168
davidzinh_003,169
pvd_paulo_40,170
dacy_salles,171
carloszin_zx,172
_dmenor_da_sul_,173
__sorriso.9,174
_pauloohenrique05,175
p4zxx8,176
lippzwy,177
_edson.junio_244,178
wandersom_18,179
a_marya22,180
menor_stm4_,181
p4xxz8,182
reggaedekebrada,183
desativadoprasempre0767818,184
caroliny_.bsj,185
dixxritinha_1,186
poxaa_rita0,187
_eu_mt_01,188
_pedro04zx,189
guxta_s.086,190
ea_bufada,191
mataotimo,192
alvesx.z,193
_chefin155_,194
cl12_slz,195
surfistinha_000,196
sagaz_.40,197
demenorxs4,198
_051.j,199
ma4eeel____40,200
menor_do_pp,201
agita_rua -100,202
_eu_br4nkinho_07_,203
33.israel_,204
vullgo_zaquiel_,205
francisco.silva_33,206
jasmimzx__,207
yneblina_,208
r7__braquinha,209
raynnara_ssousa,210
kaua_sillva223,211
_ngriqs1,212
gigi_,213
pedro_netto_017,214
m.clara_085_,215
alex_du_corte_07,216
_negueba.alvesxz7,217
francisc0.oficial,218
brizoola_03,219
fabricio_reeis.33,220
marcela_dg_00,221
cacheado.62,222
dudaa__dm,223
juninho.rei14,224
pvd_nielzin57_,225
coutinhohudson482,226
mar_cosviniciusdograu,227
samuel_coelho003_,228
eu_vitoriaq,229
moreno_offl,230
thzim__0,231
_menor_157_mc,232
ismaelrosabacelar,233
sousa.xp8,234
086.moto_grau,235
dg_ruan_grau,236
menor_021_xp7,237
â€Œsohrabfeiz,238
maria.beatrzz,239
vulgo_mete_macha,240
faeel_zx,241
junin_da.sul,242
vutu.40,243
hooneymon._,244
menor_t04,245
m4guinho_s4ntos_,246
mavinicius3004,247
_ravenna4,248
ertrna_titan,249
bon.de4,250
dixx_preth1,251
neguin__d15_,252
de_menor_da_zs_33,253
charmosinha.cjc,254
claryss.maria,255
mateus.d.sx7,256
leticyya_.limah04,257
anaa_leticya04,258
k_______.____02,259
duardo_sousa_____,260
allazin__cayrin14,261
dix_juliajkj,262
pedro__siillv4,263
ofc_cris_04_,264
liam_gabriel_04,265
ncolxsp,266
ingridzsy,267
guizin_alves46,268
mariasanta208,269
claudio_amorim18,270
_menorzinha_777,271
arthuzin.012,272
wanderson_gui_96,273
nathyellen_sophia,274
conterraneo_04,275
1_mar1a_francielly,276
