id,nome
0,086_nicollyxz
1,andre_st_ofc
2,086_francisco_dg
3,pvd_ronylson_
4,bolado_15_mtz
5,andresousa5869
6,meno_abencoado_3
7,jonathangabriel0709
8,nando.066
9,jailton1073
10,ramon_2558
11,lorim_244
12,sdx_vaino33
13,juan_car666
14,jaylison_almeida
15,henrique__do_grau_____
16,e_a_tropa40
17,rp._.4040
18,dudu.086_
19,rzynn46
20,mariana_tm400
21,agita_40
22,abravanel086
23,gde_the_745
24,avitoriaa_00
25,dudaard
26,novinn_dlst_7
27,allexandre.3246
29,_demenorzinn_46
31,thereggae40
35,cruel40_
36,b40_city
40,theregaee40
45,086_vitoriaxz
48,roger___silva04
50,terrodaznzszl40
52,agitah_.40
53,_bonde_dos_40__
54,dmnr.bufad04
55,tinker_bell_.01
56,vullgo_magnataa
57,_santin_da_stm
58,_maguinho_157
59,bufadotd4ofc
60,pedro_ofc_24444
61,pbd_04
62,reggae__40
63,agitah_b400
64,menor_nrz04
65,dmenorr_cds.04
66,agita.b40
67,rdzinho_900
68,agita_40.timon
69,os_capetab40sb
70,vullgo_dracula_b40
73,pvd_bugg
77,newreggaefunk
78,mayrlaaa.00
79,jualia_01
80,muniz4.__
81,dayane_dk
82,_santin_40ðŸ‘†
83,railsson_7
84,_raymundozl
85,dencruzpi35
86,de___meno_
87,hsloisx._wsx
88,pretin_04
89,mato_pcc_otimo
90,r4venna4_
91,batistinha_jr
92,igor
93,henrique_dg086
94,edvan.152
95,ghzinrlk._
96,falado_passa_mal
97,dmenorrðŸ‘»ðŸ”›
98,kellyson086
99,vitor_s1lva44
100,reggae__ 
101,wcarvalho_04
102,vulgo_anjiin_do15
104,thurzin.dlst
105,yanlevy15
107,chapeu_de_palha_244
108,pvd_zinho17
110,R7_Mee_nor_33
111,enzo.silva86
112,desconhecido_smp_3
113,davidmoura700
114,danillo8622
115,do_grÃ¤Ã¼_244ðŸ¤‘
116,rayka_.loranny
117,____pedrohenrique
118,rykelmy_maciel_06
119,daianne_pvd_086
120,victor_freitas086
121,bergzin__
122,xcarllos__
123,familia_dos.40
124,menorzinho_40_244
125,duda_santtx
126,anynnhasouza04
127,rainara.mikelly17
128,kayl4ny4
129,eoneguinvidalk01
130,menorsx40
131,ah_gataaah
132,llorim_40
133,_kaiolima17
134,pitbull_lee_01
135,lucasxt.com086dd
137,katielsonmarlleyzs
138,jpzinn_xtrem0
139,allanjose______
140,__santos04__
141,leticiaaxs.__
142,_jmadison07
143,priv.santos04_
144,_vinicius_dichava_466
145,pedro_fx7
146,_ttalyson04
147,ofc_fontenele086
148,marryleide70
149,menor_chato_11
150,braz_rlk_
151,suyellen_123
152,dztvd00fl
153,sagaz9yz
154,numero_zero4
155,cacheadaa_gleycii._.04
156,bibiiyk
157,lczinxs.lx
158,_mv.soares
159,adan_.46
160,fabielson_086
161,086_wes1ley
163,imperio_dos_40
164,_luan._22
165,dixx_100jeitoo
166,davidzinh_003
167,pvd_paulo_40
168,dacy_salles
169,carloszin_zx
170,_dmenor_da_sul_
171,__sorriso.9
172,_pauloohenrique05
173,p4zxx8
174,lippzwy
175,_edson.junio_244
176,wandersom_18
177,a_marya22
178,menor_stm4_
179,p4xxz8
180,reggaedekebrada
181,desativadoprasempre0767818
182,caroliny_.bsj
183,dixxritinha_1
184,poxaa_rita0
185,_eu_mt_01
186,_pedro04zx
187,guxta_s.086
188,ea_bufada
189,mataotimo
190,alvesx.z
191,_chefin155_
192,cl12_slz
193,surfistinha_000
194,sagaz_.40
195,demenorxs4
196,_051.j
197,ma4eeel____40
198,menor_do_pp
199,agita_rua -100
200,_eu_br4nkinho_07_
201,33.israel_
202,vullgo_zaquiel_
203,francisco.silva_33
204,jasmimzx__
206,r7__braquinha
207,raynnara_ssousa
208,kaua_sillva223
209,_ngriqs1
210,gigi_
211,pedro_netto_017
212,m.clara_085_
213,alex_du_corte_07
214,_negueba.alvesxz7
215,francisc0.oficial
216,brizoola_03
217,fabricio_reeis.33
218,marcela_dg_00
219,cacheado.62
220,dudaa__dm
221,juninho.rei14
222,pvd_nielzin57_
223,coutinhohudson482
224,mar_cosviniciusdograu
225,samuel_coelho003_
226,eu_vitoriaq
227,moreno_offl
228,thzim__0
229,_menor_157_mc
230,ismaelrosabacelar
231,sousa.xp8
232,086.moto_grau
233,dg_ruan_grau
234,menor_021_xp7
235,â€Œsohrabfeiz
236,maria.beatrzz
237,vulgo_mete_macha
238,faeel_zx
239,junin_da.sul
240,vutu.40
241,hooneymon._
242,menor_t04
243,m4guinho_s4ntos_
244,mavinicius3004
245,_ravenna4
246,ertrna_titan
247,bon.de4
248,dixx_preth1
249,neguin__d15_
250,de_menor_da_zs_33
251,charmosinha.cjc
252,claryss.maria
253,mateus.d.sx7
254,leticyya_.limah04
255,anaa_leticya04
256,k_______.____02
257,duardo_sousa_____
258,allazin__cayrin14
259,dix_juliajkj
260,pedro__siillv4
261,ofc_cris_04_
262,liam_gabriel_04
263,ncolxsp
264,ingridzsy
265,guizin_alves46
266,mariasanta208
267,claudio_amorim18
268,_menorzinha_777
269,arthuzin.012
270,wanderson_gui_96
271,nathyellen_sophia
272,conterraneo_04
273,1_mar1a_francielly
274,_m.helois4_
275,stef.any18143
276,antonio.__7890
277,aila_fer
278,eu_ariany_090
279,meno.s7
280,desativaada__086
281,jamily_gomes_15
282,gustavo18170
283,ys.rayane_
284,fabriciovieira_00
285,sarazinha05
286,p.santox17
287,eo_viitor086
288,wanessasilva1620
289,talldemenorx13
290,_jjoao_xz
291,tall_moreninhah_da_zs_806
292,luiss_287
293,diegof607
294,eduardah_santos_09
295,soraiasamia202
296,neto.costa202
297,_do_grau_marcos_
298,vulgo__menozinha__03
299,cris_silv9xx
300,fgm_mlk_086
301,iarlla.silvaa
302,007_cacheada_da_zsd
303,raissalissabrina
304,jesulenedeoliveira
305,cpx__dos__40
306,portela_40_
307,ellen.siilv4
308,menor.rr04
309,volgobernardo
310,santin_ig_07
311,vladimir_40xy
312,vinny_vl1
313,086_gabrielzim
314,kaiky_2005_
315,_manoel_4
317,capeta_do_bonde
318,vullgomenor47
319,eo_gean_4
320,flauberth____157__
321,belinha2992v
322,dnizin________096
323,ian_soares85
324,_carvalhedoo
325,b40_fecha_com_certo
326,ruan_nx8
327,icaro_sillv4x_777
328,francielson_ofc74
330,don_ratao_
331,b.40_tudo_40_157_l
332,mk.04___
333,maguind0grau
334,sad_vitu1
335,user.ayumi
336,da_coreia40
337,sgz.33
338,milly_da.pds
339,menor_do_cplx_33
340,mirellysantt4s
341,vulgo._.slv4
342,guilherme_33_____
343,hv7_ms
344,07.rayzin_
345,igor_mateus_07_
346,karlosdxs_ 
347,neguinho.delass
348,pretinha_ofc7
349,_mnr.mg.157_
350,bonde_dos_40_slz
351,amandinha_xjl
352,b4ndido.40l
353,marcell__da_rdc_
355,carlos__gabriel._
356,xxs_vitoria01
357,s.gz_011
358,allyssom_dg
359,mnr_jr_4 
360,idaelson_04
361,dyego_santox40
362,ciborg_40
363,ph3654852
365,menozinho_ofcll
366,conecxao_40_ada
367,021na_rlk_do_th
368,leandrojpxr
369,lbf_igorr
370,___renan___40
371,e_o_junim_
372,c1_otavio
373,_abencoada_por_deus_04
374,x_t_z_loirinha0981
375,louh4na
376,rafhael_m041
377,_tralha_b.40
378,karlla_neves_2
379,chef7._006
380,pedro_rlq
381,vllg_cria_
383,_lletici4lv
384,pvd_mqria1
385,aryanne_02_
386,palomma_soares9000
387,yan___rdc
388,dk_lucas_09
389,_josiel._xx
390,xzz_jeniiffy_
391,mari_santos.086
392,mariadolivramentomachadodasilv
393,ivilla_rayelly
394,y.ana0__
395,deusiane170
396,kaioziin_77
397,fat1ma_nunys_ww
398,jucy0.3
399,isah_ztt
400,_ssouza8
401,fabricioh_gomes
402,deivith40_
403,eoordcpx
404,bolado_mdx
405,palhacin_fxp
406,_itallo_fxp
407,jloliveira_33
408,gustavodocpx01
409,dudu_cria_do_fukis
410,vulgo_liedsonzinho_40
411,rells_mlb_40
412,bruno__0299
413,rodrigues_2oo2
414,euuphbala
415,dobrasovic_04
416,andrezin_.01
417,_silva.qp
418,086 _moreninha_da_sul
419,gaby__sgz
420,vllg_flavinha 
421,d.soares.07
422,mary_souzaa04
423,mary_ðŸ§¿ðŸ‡§ðŸ‡·
424,Steffany_luana ðŸ˜‡
425,gabriel_dogrua
426,bonde_dos_40tao
427,duducria_do_fukis
428,gbzin_da_vn
429,pauloeduardo7184
430,rick_sgz_2608
431,_______fj_gomes_
432,_.milly__0
433,_.kevin.xx.7
434,vllg_md157
435,_pepeu.x7
436,galera_da315
437,luansm09
438,gleydson__rj
439,dn_puto_xit
440,boladao_cx04
441,katefernanda_cilios
442,cael_rlk
443,marc.ossilva1554
444,jp_ta_amor_slz
445,cheducortes
446,https.jd7
447,fabricio.s13
448,_luan_v77
449,allysonrlk155
450,021_joaozin_rj_1
451,popay_do_cpx
452,neguin_d_hc
453,__brxnazk
454,mk.dopoder7
455,vllg_lucas_da_vn
456,melhor.sozinha_vrr
457,valeriab843
458,novinzl03
459,__geovanniak
460,yohanan_moshe
461,mnr_dg13
462,f__sousa_
463,dix_vi7dg
464,pedro_08665
465,vullgoh_rb_15
466,roh_bertasouza
467,m.vinicius033_
468,mss_mnr_tz_10
469,fxpaulista
470,cauagabriel97
471,malukinhozl53
472,poxxa__menorzinho8
473,joelsonalves524
474,raniel46_
475,neurotico_da_leste
476,andressahgardenya
477,italo_zn33
478,021_vini777
479,darlan.sul.9461
480,alerquina_dlst_1533
481,caiio77x
482,robacena1533_
483,santinha_zn
484,nenen.15
485,maguin__15
486,malvadinha_zx
487,vitnhobx
488,neguin_gdt
489,_vjaiine
490,bibi_perigosa_zn
491,meno_rsp333
492,ram_maguin33kkk
493,minicrime46
494,vllgh_terror_
495,_icaro_mdu
496,sumido_smp_3
497,rells_the_piaui
498,menor.capetinha15
499,felipe019280
500,eu_mascote_zn
501,___vilao____r3
502,vulgo_zoi_de_gato1533
503,_menorr.zl
504,lucelia_santos97
505,traquino_33
506,pv_da_agtha15
507,rellsom_agitaa40
508,_yurikeven
509,andre__vilarinho
510,luisfelipe4392
511,86_igor_
512,magrinho__mdc
513,nissin_mtd
514,paulino.288
515,santtin_63
516,v.weveton_
517,danielsilvafernandes3
518,ag_ats015
519,reels_td3
520,MENOR_DO_15
521,italo.sj7
522,_maguimzn04
523,lyp.dzs_
524,07_.ofcl
525,07_borges03
526,cesar_1wl
527,henrique_boladaooo
528,william_carlos086
529,latrozin_do_bzl_040
530,sawtos_04
531,098_mgl.212
532,dudu_04____
533,rells_1533_zn
