Perfils bonde dos 40,Ids_principais
edersen_,1
maguimdocorre,2
086_nicollyxz,3
andre_st_ofc,4
086_francisco_dg,5
pvd_ronylson_,6
bolado_15_mtz,7
andresousa5869,8
meno_abencoado_3,9
jonathangabriel0709,10
nando.066,11
jailton1073,12
ramon_2558,13
lorim_244,14
sdx_vaino33,15
juan_car666,16
jaylison_almeida,17
henrique__do_grau_____,18
e_a_tropa40,19
rp._.4040,20
dudu.086_,21
rzynn46,22
mariana_tm400,23
agita_40,24
abravanel086,25
gde_the_745,26
avitoriaa_00,27
dudaard,28
novinn_dlst_7,29
allexandre.3246,30
juliakvp,31
_demenorzinn_46,32
jovem_sevenn,33
thereggae40,34
magao40_nzr,35
bagdar_547,36
henrique_boladaooo,37
cruel40_,38
b40_city,39
phzzin02,40
ag_da_zsd,41
4lisson_pvd04,42
theregaee40,43
__maguimzn4,44
marcello_vn,45
felipe_086x,46
laecpt,47
086_vitoriaxz,48
__wellyngton__jr,49
menor_dlst_1533,50
roger___silva04,51
menozim_04,52
terrodaznzszl40,53
agitah__1533,54
agitah_.40,55
_bonde_dos_40__,56
dmnr.bufad04,57
tinker_bell_.01,58
vullgo_magnataa,59
_santin_da_stm,60
_maguinho_157,61
bufadotd4ofc,62
pedro_ofc_24444,63
pbd_04,64
reggae__40,65
agitah_b400,66
menor_nrz04,67
dmenorr_cds.04,68
agita.b40,69
rdzinho_900,70
agita_40.timon,71
os_capetab40sb,72
vullgo_dracula_b40,73
silva_dk40,74
matador_do15,75
pvd_bugg,76
_menor_s04,77
dugrauu_felipe,78
_.7.5.1_,79
